Input_Days_len,Output_Points,MAE,RMSE,SMAPE,WSCR,SCR
1,24,57.90452194213867,88.03153565360115,156.6813,0.54984236,0.5286885245901639
