Input_Days_len,Output_Points,MAE,RMSE,SMAPE,WSCR,SCR
1,24,54.702510833740234,86.70155516464943,149.87283,0.5665825,0.5298611111111111
